{"cameraMode":{"drawMode":0,"name":"Shaded","section":"Shading Mode"},"sceneLighting":true,"audioPlay":false,"sceneViewState":{"showFog":true,"showMaterialUpdate":false,"showSkybox":true,"showFlares":true,"showImageEffects":true,"showParticleSystems":true},"in2DMode":false,"pivot":{"x":-3.7226009368896486,"y":0.7032221555709839,"z":5.398630619049072},"rotation":{"x":0.005555124953389168,"y":-0.9583761096000671,"z":-0.01869070716202259,"w":-0.2848420739173889},"size":10.17415714263916,"orthographic":false}