{"cameraMode":{"drawMode":0,"name":"Shaded","section":"Shading Mode"},"sceneLighting":true,"audioPlay":false,"sceneViewState":{"showFog":false,"showMaterialUpdate":false,"showSkybox":false,"showFlares":false,"showImageEffects":false,"showParticleSystems":true},"in2DMode":false,"pivot":{"x":-0.1328088641166687,"y":4.143993377685547,"z":15.614851951599121},"rotation":{"x":0.12590548396110536,"y":0.03272636607289314,"z":-0.0041558095254004,"w":0.9914935827255249},"size":8.692200660705567,"orthographic":false}