{"cameraMode":{"drawMode":0,"name":"Shaded","section":"Shading Mode"},"sceneLighting":false,"audioPlay":false,"sceneViewState":{"showFog":false,"showMaterialUpdate":false,"showSkybox":false,"showFlares":false,"showImageEffects":false,"showParticleSystems":true},"in2DMode":false,"pivot":{"x":0.45942801237106326,"y":1.8415775299072266,"z":0.007867813110351563},"rotation":{"x":0.12590548396110536,"y":0.03272636607289314,"z":-0.0041558095254004,"w":0.9914935827255249},"size":17.502338409423829,"orthographic":false}