{"cameraMode":{"drawMode":0,"name":"Shaded","section":"Shading Mode"},"sceneLighting":true,"audioPlay":false,"sceneViewState":{"showFog":true,"showMaterialUpdate":false,"showSkybox":true,"showFlares":true,"showImageEffects":true,"showParticleSystems":true},"in2DMode":false,"pivot":{"x":3.4743711948394777,"y":5.4501447677612309,"z":2.7019448280334474},"rotation":{"x":-0.18276406824588777,"y":0.6805998682975769,"z":-0.18134436011314393,"w":-0.6859266757965088},"size":26.125991821289064,"orthographic":false}