{"cameraMode":{"drawMode":0,"name":"Shaded","section":"Shading Mode"},"sceneLighting":true,"audioPlay":false,"sceneViewState":{"showFog":true,"showMaterialUpdate":false,"showSkybox":true,"showFlares":true,"showImageEffects":true,"showParticleSystems":true},"in2DMode":false,"pivot":{"x":0.0,"y":1.1050573587417603,"z":1.8217315673828126},"rotation":{"x":-0.07272975146770477,"y":0.7435300946235657,"z":-0.08197657763957977,"w":-0.6596614718437195},"size":3.1148431301116945,"orthographic":false}